title,readers,suggested,minimum
Platform Strategy Innovation Through Harmonization,2076,26.00,16.00
OpenIntro Statistics,383521,15.00,0.00
Stratospheric From Zero to Production with Spring Boot and AWS,1390,39.00,39.00
The Road to React The React.js in JavaScript Book (2024 Edition),30868,49.00,49.00
CCIE Service Provider Version 4 Written and Lab Exam Comprehensive Guide,878,300.00,200.00
Mastering STM32 - Second Edition,1262,35.99,29.99
Ansible for DevOps Server and configuration management for humans,106801,9.99,9.99
"Windows Kernel Programming, Second Edition",521,37.95,26.90
Practical FP in Scala,2489,49.99,39.99
Introduction to Data Science,153526,49.99,0.00
Scrum Master The Agile Training Seminar for Business Performance,553,14.96,9.99